Workbook

Sheet General Manager
B2: LEMBAR KEY PERFORMANCE INDICATOR | N2: Company Logo
C7: URAIAN
C8: Department/ Unit | D8: : | E8: Management
C9: Jabatan | D9: : | E9: General Manager
C10: Nama Karyawan | D10: : | E10: Rudi
C11: Bulan Penilaian | D11: : | E11: Juli 2026
B13: A. Penilaian KPI
B15: No | C15: Key Result Area | E15: Key Performance Indicator | H15: Bobot | I15: Metode | J15: Target | K15: Satuan | L15: Realisasi | M15: Satuan | N15: Score (Bobot x Realisasi)
B16: 1 | C16: Pencapaian Target Revenue Perusahaan | E16: Persentase pencapaian revenue perusahaan | H16: 0.5 | I16: Minimize | J16: 5 | K16: % | L16: 4 | M16: =K16 -> % | N16: =IF(I16="Maximize",L16/J16*100*H16,IF(I16="Minimize",J16/L16*100*H16)) -> 62.5
B17: 2 | C17: Tingkat Konversi Penjualan (Sales Conversion Rate) | E17: efektivitas proses penjualan dari prospek menjadi pelanggan. | H17: 0.2 | I17: Maximize | J17: 1 | K17: % | L17: 1 | M17: =K17 -> % | N17: =IF(I17="Maximize",L17/J17*100*H17,IF(I17="Minimize",J17/L17*100*H17)) -> 20
B18: 3 | C18: Rasio Efisiensi Operasional (Operating Efficiency Ratio) | E18: Persentase biaya dibandingkan pendapatan. | H18: 0.2 | I18: Maximize | J18: 1 | K18: % | L18: 1 | M18: =K18 -> % | N18: =IF(I18="Maximize",L18/J18*100*H18,IF(I18="Minimize",J18/L18*100*H18)) -> 20
B19: 4 | H19: 0.1 | I19: Maximize | J19: 1 | L19: 1 | M19: =K19 -> 0 | N19: =IF(I19="Maximize",L19/J19*100*H19,IF(I19="Minimize",J19/L19*100*H19)) -> 10
C20: Total bobot max 100% | H20: =SUM(H16:H19) -> 1 | M20: Total Score | N20: =SUM(N16:N19) -> 112.5
C22: Grand Total Score KPI = | D22: Total Score x Bobot
E23: =N20 -> 112.5 | F23: x | G23: 0.8 | H23: = | I23: =G23*E23 -> 90
B25: B. Soft Skill
E27: No | F27: Kompetensi | H27: Bobot | I27: Nilai | J27: Score (Bobot x Nilai)
E28: 1 | F28: Dicipline | H28: 0.25 | I28: 80 | J28: =H28*I28 -> 20
E29: 2 | F29: Responsible | H29: 0.25 | I29: 90 | J29: =H29*I29 -> 22.5
E30: 3 | F30: Team Work | H30: 0.25 | I30: 90 | J30: =H30*I30 -> 22.5
E31: 4 | F31: Great Execution | H31: 0.25 | I31: 85 | J31: =H31*I31 -> 21.25
E34: Total bobot | H34: =SUM(H28:H33) -> 1 | I34: Total Score | J34: =SUM(J28:J33) -> 86.25
C36: Grand Total Score Kompetensi = | D36: Total Score x Bobot
E37: =J34 -> 86.25 | F37: x | G37: 0.2 | H37: = | I37: =G37*E37 -> 17.25
C40: Total Nilai
C41: Grand Total Score KPI + Grand Total Score Kompetensi | H41: =I23 -> 90 | I41: + | J41: =I37 -> 17.25 | K41: = | L41: =H41+J41 -> 107.25
C43: Dibuat Oleh, | G43: Disetujui Oleh,
C49: Nama: | G49: Nama :
C50: Tanggal: | G50: Tanggal :

Sheet Head of Sales (Yadi)
B2: LEMBAR KEY PERFORMANCE INDICATOR | N2: Company Logo
C7: URAIAN
C8: Department/ Unit | D8: : | E8: Sales
C9: Jabatan | D9: : | E9: Head of Sales
C10: Nama Karyawan | D10: : | E10: Yadi
C11: Bulan Penilaian | D11: : | E11: Juli 2026
B13: A. Penilaian KPI
B15: No | C15: Key Result Area | E15: Key Performance Indicator | H15: Bobot | I15: Metode | J15: Target | K15: Satuan | L15: Realisasi | M15: Satuan | N15: Score (Bobot x Realisasi)
B16: 1 | C16: Target penjualan | E16: Total penjualan (close order) | H16: 0.5 | I16: Maximize | J16: 200000000 | K16: Rupiah | L16: 133716920 | M16: =K16 -> Rupiah | N16: =IF(I16="Maximize",L16/J16*100*H16,IF(I16="Minimize",J16/L16*100*H16)) -> 33.42923
B17: 2 | C17: New customer | E17: Jumlah customer baru yang diperoleh diluar data base perusahaan) | H17: 0.3 | I17: Maximize | J17: 10 | K17: Customer | L17: 3 | M17: =K17 -> Customer | N17: =IF(I17="Maximize",L17/J17*100*H17,IF(I17="Minimize",J17/L17*100*H17)) -> 9
B18: 3 | C18: Effective call | E18: Jumlah customer yang dikunjungi tiap bulan (termasuk folwup) | H18: 0.2 | I18: Maximize | J18: 14 | K18: Customer | L18: 26 | M18: =K18 -> Customer | N18: =IF(I18="Maximize",L18/J18*100*H18,IF(I18="Minimize",J18/L18*100*H18)) -> 37.142857
C19: Total bobot max 100% | H19: =SUM(H16:H18) -> 1 | M19: Total Score | N19: =SUM(N16:N18) -> 79.572087
C21: Grand Total Score KPI = | D21: Total Score x Bobot
E22: =N19 -> 79.572087 | F22: x | G22: 0.8 | H22: = | I22: =G22*E22 -> 63.65767
B24: B. Soft Skill
E26: No | F26: Kompetensi | H26: Bobot | I26: Nilai | J26: Score (Bobot x Nilai)
E27: 1 | F27: Dicipline | H27: 0.25 | I27: 80 | J27: =H27*I27 -> 20
E28: 2 | F28: Responsible | H28: 0.25 | I28: 80 | J28: =H28*I28 -> 20
E29: 3 | F29: Team Work | H29: 0.25 | I29: 80 | J29: =H29*I29 -> 20
E30: 4 | F30: Great Execution | H30: 0.25 | I30: 80 | J30: =H30*I30 -> 20
E33: Total bobot | H33: =SUM(H27:H32) -> 1 | I33: Total Score | J33: =SUM(J27:J32) -> 80
C35: Grand Total Score Kompetensi = | D35: Total Score x Bobot
E36: =J33 -> 80 | F36: x | G36: 0.2 | H36: = | I36: =G36*E36 -> 16
C39: Total Nilai
C40: Grand Total Score KPI + Grand Total Score Kompetensi | H40: =I22 -> 63.65767 | I40: + | J40: =I36 -> 16 | K40: = | L40: =H40+J40 -> 79.65767
C42: Dibuat Oleh, | G42: Disetujui Oleh,
C48: Nama: | G48: Nama :
C49: Tanggal: | G49: Tanggal :

Sheet Sales Staff (Sanjaya)
B2: LEMBAR KEY PERFORMANCE INDICATOR | N2: Company Logo
C7: URAIAN
C8: Department/ Unit | D8: : | E8: Sales
C9: Jabatan | D9: : | E9: Sales Staff
C10: Nama Karyawan | D10: : | E10: Sanjaya
C11: Bulan Penilaian | D11: : | E11: Juli 2026
B13: A. Penilaian KPI
B15: No | C15: Key Result Area | E15: Key Performance Indicator | H15: Bobot | I15: Metode | J15: Target | K15: Satuan | L15: Realisasi | M15: Satuan | N15: Score (Bobot x Realisasi)
B16: 1 | C16: Target penjualan | E16: Total penjualan (close order) | H16: 0.5 | I16: Maximize | J16: 200000000 | K16: Rupiah | L16: 0 | M16: =K16 -> Rupiah | N16: =IF(I16="Maximize",L16/J16*100*H16,IF(I16="Minimize",J16/L16*100*H16)) -> 0
B17: 2 | C17: New customer | E17: Jumlah customer baru yang diperoleh diluar data base perusahaan) | H17: 0.3 | I17: Maximize | J17: 10 | K17: Customer | L17: 6 | M17: =K17 -> Customer | N17: =IF(I17="Maximize",L17/J17*100*H17,IF(I17="Minimize",J17/L17*100*H17)) -> 18
B18: 3 | C18: Effective call | E18: Jumlah customer yang dikunjungi tiap bulan (termasuk folwup) | H18: 0.2 | I18: Maximize | J18: 15 | K18: Customer | L18: 9 | M18: =K18 -> Customer | N18: =IF(I18="Maximize",L18/J18*100*H18,IF(I18="Minimize",J18/L18*100*H18)) -> 12
C19: Total bobot max 100% | H19: =SUM(H16:H18) -> 1 | M19: Total Score | N19: =SUM(N16:N18) -> 30
C21: Grand Total Score KPI = | D21: Total Score x Bobot
E22: =N19 -> 30 | F22: x | G22: 0.8 | H22: = | I22: =G22*E22 -> 24
B24: B. Soft Skill
E26: No | F26: Kompetensi | H26: Bobot | I26: Nilai | J26: Score (Bobot x Nilai)
E27: 1 | F27: Dicipline | H27: 0.25 | I27: 80 | J27: =H27*I27 -> 20
E28: 2 | F28: Responsible | H28: 0.25 | I28: 80 | J28: =H28*I28 -> 20
E29: 3 | F29: Team Work | H29: 0.25 | I29: 80 | J29: =H29*I29 -> 20
E30: 4 | F30: Great Execution | H30: 0.25 | I30: 80 | J30: =H30*I30 -> 20
E33: Total bobot | H33: =SUM(H27:H32) -> 1 | I33: Total Score | J33: =SUM(J27:J32) -> 80
C35: Grand Total Score Kompetensi = | D35: Total Score x Bobot
E36: =J33 -> 80 | F36: x | G36: 0.2 | H36: = | I36: =G36*E36 -> 16
C39: Total Nilai
C40: Grand Total Score KPI + Grand Total Score Kompetensi | H40: =I22 -> 24 | I40: + | J40: =I36 -> 16 | K40: = | L40: =H40+J40 -> 40
C42: Dibuat Oleh, | G42: Disetujui Oleh,
C48: Nama: | G48: Nama :
C49: Tanggal: | G49: Tanggal :

Sheet Sales Staff (2)
B2: LEMBAR KEY PERFORMANCE INDICATOR | N2: Company Logo
C7: URAIAN
C8: Department/ Unit | D8: : | E8: Sales
C9: Jabatan | D9: : | E9: Sales Staff
C10: Nama Karyawan | D10: : | E10: Sales 2
C11: Bulan Penilaian | D11: : | E11: Mei 2026
B13: A. Penilaian KPI
B15: No | C15: Key Result Area | E15: Key Performance Indicator | H15: Bobot | I15: Metode | J15: Target | K15: Satuan | L15: Realisasi | M15: Satuan | N15: Score (Bobot x Realisasi)
B16: 1 | C16: Target penjualan | E16: Total penjualan (close order) | H16: 0.5 | I16: Maximize | J16: 0 | K16: Rupiah | L16: 0 | M16: =K16 -> Rupiah | N16: 0 | O16: =IF(J16="Maximize",M16/K16*100*I16,IF(J16="Minimize",K16/M16*100*I16)) -> FALSE
B17: 2 | C17: New customer | E17: Jumlah customer baru yang diperoleh diluar data base perusahaan) | H17: 0.2 | I17: Maximize | J17: 3 | K17: Customer | L17: 1 | M17: =K17 -> Customer | N17: =IF(I17="Maximize",L17/J17*100*H17,IF(I17="Minimize",J17/L17*100*H17)) -> 6.6666667
B18: 3 | C18: Effective call | E18: Jumlah customer yang dikunjungi tiap bulan | H18: 0.2 | I18: Maximize | J18: 28 | K18: Customer | L18: 18 | M18: =K18 -> Customer | N18: =IF(I18="Maximize",L18/J18*100*H18,IF(I18="Minimize",J18/L18*100*H18)) -> 12.857143
B19: 4 | C19: ??? | E19: ??? | H19: 0.1 | I19: Maximize | J19: 2 | K19: ??? | L19: 2 | M19: ??? | N19: =IF(I19="Maximize",L19/J19*100*H19,IF(I19="Minimize",J19/L19*100*H19)) -> 10
C20: Total bobot max 100% | H20: =SUM(H16:H19) -> 1 | M20: Total Score | N20: =SUM(N16:N19) -> 29.52381
C22: Grand Total Score KPI = | D22: Total Score x Bobot
E23: =N20 -> 29.52381 | F23: x | G23: 0.8 | H23: = | I23: =G23*E23 -> 23.619048
B25: B. Soft Skill
E27: No | F27: Kompetensi | H27: Bobot | I27: Nilai | J27: Score (Bobot x Nilai)
E28: 1 | F28: Dicipline | H28: 0.25 | I28: 80 | J28: =H28*I28 -> 20
E29: 2 | F29: Responsible | H29: 0.25 | I29: 90 | J29: =H29*I29 -> 22.5
E30: 3 | F30: Team Work | H30: 0.25 | I30: 90 | J30: =H30*I30 -> 22.5
E31: 4 | F31: Great Execution | H31: 0.25 | I31: 85 | J31: =H31*I31 -> 21.25
E34: Total bobot | H34: =SUM(H28:H33) -> 1 | I34: Total Score | J34: =SUM(J28:J33) -> 86.25
C36: Grand Total Score Kompetensi = | D36: Total Score x Bobot
E37: =J34 -> 86.25 | F37: x | G37: 0.2 | H37: = | I37: =G37*E37 -> 17.25
C40: Total Nilai
C41: Grand Total Score KPI + Grand Total Score Kompetensi | H41: =I23 -> 23.619048 | I41: + | J41: =I37 -> 17.25 | K41: = | L41: =H41+J41 -> 40.869048
C43: Dibuat Oleh, | G43: Disetujui Oleh,
C49: Nama: | G49: Nama :
C50: Tanggal: | G50: Tanggal :

Sheet Sales Admin
B2: LEMBAR KEY PERFORMANCE INDICATOR | N2: Company Logo
C7: URAIAN
C8: Department/ Unit | D8: : | E8: Sales
C9: Jabatan | D9: : | E9: Sales Admin Staff
C10: Nama Karyawan | D10: :
C11: Bulan Penilaian | D11: : | E11: Juli 2026
B13: A. Penilaian KPI
B15: No | C15: Key Result Area | E15: Key Performance Indicator | H15: Bobot | I15: Metode | J15: Target | K15: Satuan | L15: Realisasi | M15: Satuan | N15: Score (Bobot x Realisasi)
B16: 1 | C16: Kecepatan Respon | E16: Kecepatan respon terhadap lead yang masuk, tidak ada lead yang terlewat untuk di follow up | H16: 0.5 | I16: Maximize | J16: 1 | K16: lead | L16: 1 | M16: =K16 -> lead | N16: =IF(I16="Maximize",L16/J16*100*H16,IF(I16="Minimize",J16/L16*100*H16)) -> 50
B17: 2 | C17: Akurasi dan Kerapihan Data | E17: Tidak ada data administrasi yang salah | H17: 0.2 | I17: Maximize | J17: 1 | K17: kali eror | L17: 5 | M17: =K17 -> kali eror | N17: =IF(I17="Maximize",L17/J17*100*H17,IF(I17="Minimize",J17/L17*100*H17)) -> 100
B18: 3 | C18: Closing online | E18: Jumlah closing penjualan secara online | H18: 0.2 | I18: Maximize | J18: 1 | K18: Rupiah | L18: 1 | M18: =K18 -> Rupiah | N18: =IF(I18="Maximize",L18/J18*100*H18,IF(I18="Minimize",J18/L18*100*H18)) -> 20
B19: 4 | C19: ?? | E19: ?? | H19: 0.1 | I19: Maximize | J19: 1 | K19: ??? | L19: 1 | M19: ??? | N19: =IF(I19="Maximize",L19/J19*100*H19,IF(I19="Minimize",J19/L19*100*H19)) -> 10
C20: Total bobot max 100% | H20: =SUM(H16:H19) -> 1 | M20: Total Score | N20: =SUM(N16:N19) -> 180
C22: Grand Total Score KPI = | D22: Total Score x Bobot
E23: =N20 -> 180 | F23: x | G23: 0.8 | H23: = | I23: =G23*E23 -> 144
B25: B. Soft Skill
E27: No | F27: Kompetensi | H27: Bobot | I27: Nilai | J27: Score (Bobot x Nilai)
E28: 1 | F28: Dicipline | H28: 0.25 | I28: 80 | J28: =H28*I28 -> 20
E29: 2 | F29: Responsible | H29: 0.25 | I29: 90 | J29: =H29*I29 -> 22.5
E30: 3 | F30: Team Work | H30: 0.25 | I30: 90 | J30: =H30*I30 -> 22.5
E31: 4 | F31: Great Execution | H31: 0.25 | I31: 85 | J31: =H31*I31 -> 21.25
E34: Total bobot | H34: =SUM(H28:H33) -> 1 | I34: Total Score | J34: =SUM(J28:J33) -> 86.25
C36: Grand Total Score Kompetensi = | D36: Total Score x Bobot
E37: =J34 -> 86.25 | F37: x | G37: 0.2 | H37: = | I37: =G37*E37 -> 17.25
C40: Total Nilai
C41: Grand Total Score KPI + Grand Total Score Kompetensi | H41: =I23 -> 144 | I41: + | J41: =I37 -> 17.25 | K41: = | L41: =H41+J41 -> 161.25
C43: Dibuat Oleh, | G43: Disetujui Oleh,
C49: Nama: | G49: Nama :
C50: Tanggal: | G50: Tanggal :

Sheet Head of Marketing
B2: LEMBAR KEY PERFORMANCE INDICATOR | N2: Company Logo
C7: URAIAN
C8: Department/ Unit | D8: : | E8: Marketing
C9: Jabatan | D9: : | E9: Head of Marketing
C10: Nama Karyawan | D10: :
C11: Bulan Penilaian | D11: : | E11: Juli 2026
B13: A. Penilaian KPI
B15: No | C15: Key Result Area | E15: Key Performance Indicator | H15: Bobot | I15: Metode | J15: Target | K15: Satuan | L15: Realisasi | M15: Satuan | N15: Score (Bobot x Realisasi)
B16: 1 | C16: Lead generation | E16: Jumlah lead perbulan | H16: 0.5 | I16: Maximize | J16: 1 | K16: lead | L16: 1 | M16: =K16 -> lead | N16: =IF(I16="Maximize",L16/J16*100*H16,IF(I16="Minimize",J16/L16*100*H16)) -> 50
B17: 2 | C17: Performa Channel Digital (SEO & Traffic) | E17: Jumlah trafic perbulan | H17: 0.2 | I17: Maximize | J17: 1 | K17: kali | L17: 1 | M17: =K17 -> kali | N17: =IF(I17="Maximize",L17/J17*100*H17,IF(I17="Minimize",J17/L17*100*H17)) -> 20
B18: 3 | C18: Content Engagement Rate | E18: rasio klik, share, komentar, atau waktu baca konten | H18: 0.1 | I18: Maximize | J18: 1 | K18: Kalo | L18: 1 | M18: =K18 -> Kalo | N18: =IF(I18="Maximize",L18/J18*100*H18,IF(I18="Minimize",J18/L18*100*H18)) -> 10
B19: 4 | C19: ontribution to Revenue (Marketing-Sourced Revenue) | E19: persentase penjualan yang berasal dari aktivitas marketing | H19: 0.2 | I19: Maximize | J19: 1 | K19: % | L19: 1 | M19: ??? | N19: =IF(I19="Maximize",L19/J19*100*H19,IF(I19="Minimize",J19/L19*100*H19)) -> 20
C20: Total bobot max 100% | H20: =SUM(H16:H19) -> 1 | M20: Total Score | N20: =SUM(N16:N19) -> 100
C22: Grand Total Score KPI = | D22: Total Score x Bobot
E23: =N20 -> 100 | F23: x | G23: 0.8 | H23: = | I23: =G23*E23 -> 80
B25: B. Soft Skill
E27: No | F27: Kompetensi | H27: Bobot | I27: Nilai | J27: Score (Bobot x Nilai)
E28: 1 | F28: Dicipline | H28: 0.25 | I28: 80 | J28: =H28*I28 -> 20
E29: 2 | F29: Responsible | H29: 0.25 | I29: 90 | J29: =H29*I29 -> 22.5
E30: 3 | F30: Team Work | H30: 0.25 | I30: 90 | J30: =H30*I30 -> 22.5
E31: 4 | F31: Great Execution | H31: 0.25 | I31: 85 | J31: =H31*I31 -> 21.25
E34: Total bobot | H34: =SUM(H28:H33) -> 1 | I34: Total Score | J34: =SUM(J28:J33) -> 86.25
C36: Grand Total Score Kompetensi = | D36: Total Score x Bobot
E37: =J34 -> 86.25 | F37: x | G37: 0.2 | H37: = | I37: =G37*E37 -> 17.25
C40: Total Nilai
C41: Grand Total Score KPI + Grand Total Score Kompetensi | H41: =I23 -> 80 | I41: + | J41: =I37 -> 17.25 | K41: = | L41: =H41+J41 -> 97.25
C43: Dibuat Oleh, | G43: Disetujui Oleh,
C49: Nama: | G49: Nama :
C50: Tanggal: | G50: Tanggal :

Sheet Head of Engineering (Arie)
B2: LEMBAR KEY PERFORMANCE INDICATOR | N2: Company Logo
C7: URAIAN
C8: Department/ Unit | D8: : | E8: Engineering
C9: Jabatan | D9: : | E9: Head of Engineering
C10: Nama Karyawan | D10: : | E10: Arie Putra
C11: Bulan Penilaian | D11: : | E11: Juli 2026
B13: A. Penilaian KPI
B15: No | C15: Key Result Area | E15: Key Performance Indicator | H15: Bobot | I15: Metode | J15: Target | K15: Satuan | L15: Realisasi | M15: Satuan | N15: Score (Bobot x Realisasi)
B16: 1 | C16: Penyelesaian keseluruhan project | E16: Persentase penyelesaian keseluruhan project dalam bulan berjalan (termasuk trouble shooting) | H16: 0.4 | I16: Maximize | J16: 95 | K16: % | L16: 113 | M16: =K16 -> % | N16: =IF(I16="Maximize",L16/J16*100*H16,IF(I16="Minimize",J16/L16*100*H16)) -> 47.578947
B17: 2 | C17: Improvement | E17: Persentase penyelesaian improvement | H17: 0.3 | I17: Maximize | J17: 95 | K17: % | L17: 100 | M17: =K17 -> % | N17: =IF(I17="Maximize",L17/J17*100*H17,IF(I17="Minimize",J17/L17*100*H17)) -> 31.578947
B18: 3 | C18: Kesesuaian hasil pekerjaan | E18: Kepuasan klien terhadap hasil pekerjaan (tidak ada komplain, retur, dsb) | H18: 0.2 | I18: Maximize | J18: 100 | K18: % | L18: 100 | M18: =K18 -> % | N18: =IF(I18="Maximize",L18/J18*100*H18,IF(I18="Minimize",J18/L18*100*H18)) -> 20
B19: 4 | C19: Safety | E19: Seluruh pekerjaan baik fabrikasi maupun instalasi dilakukan dengan aman dan memperhatikan faktor K3 (no safety issue) | H19: 0.05 | I19: Maximize | J19: 100 | K19: % | L19: 100 | M19: =K19 -> % | N19: =IF(I19="Maximize",L19/J19*100*H19,IF(I19="Minimize",J19/L19*100*H19)) -> 5
B20: 5 | C20: Dokumentasi | E20: Dokumentasi pekerjaan di arsipkan dengan baik | H20: 0.05 | I20: Maximize | J20: 100 | K20: % | L20: 100 | M20: =K20 -> % | N20: =IF(I20="Maximize",L20/J20*100*H20,IF(I20="Minimize",J20/L20*100*H20)) -> 5
C21: Total bobot max 100% | H21: =SUM(H16:H20) -> 1 | M21: Total Score | N21: =SUM(N16:N20) -> 109.15789
C23: Grand Total Score KPI = | D23: Total Score x Bobot
E24: =N21 -> 109.15789 | F24: x | G24: 0.8 | H24: = | I24: =G24*E24 -> 87.326316
B26: B. Soft Skill
E28: No | F28: Kompetensi | H28: Bobot | I28: Nilai | J28: Score (Bobot x Nilai)
E29: 1 | F29: Dicipline | H29: 0.25 | I29: 80 | J29: =H29*I29 -> 20
E30: 2 | F30: Responsible | H30: 0.25 | I30: 80 | J30: =H30*I30 -> 20
E31: 3 | F31: Team Work | H31: 0.25 | I31: 80 | J31: =H31*I31 -> 20
E32: 4 | F32: Great Execution | H32: 0.25 | I32: 80 | J32: =H32*I32 -> 20
E35: Total bobot | H35: =SUM(H29:H34) -> 1 | I35: Total Score | J35: =SUM(J29:J34) -> 80
C37: Grand Total Score Kompetensi = | D37: Total Score x Bobot
E38: =J35 -> 80 | F38: x | G38: 0.2 | H38: = | I38: =G38*E38 -> 16
C41: Total Nilai
C42: Grand Total Score KPI + Grand Total Score Kompetensi | H42: =I24 -> 87.326316 | I42: + | J42: =I38 -> 16 | K42: = | L42: =H42+J42 -> 103.32632
C44: Dibuat Oleh, | G44: Disetujui Oleh,
C50: Nama: | G50: Nama :
C51: Tanggal: | G51: Tanggal :

Sheet Engineering Staff (Evan)
B2: LEMBAR KEY PERFORMANCE INDICATOR | N2: Company Logo
C7: URAIAN
C8: Department/ Unit | D8: : | E8: Engineering
C9: Jabatan | D9: : | E9: Engineering Staff
C10: Nama Karyawan | D10: : | E10: Evan
C11: Bulan Penilaian | D11: : | E11: Juli 2026
B13: A. Penilaian KPI
B15: No | C15: Key Result Area | E15: Key Performance Indicator | H15: Bobot | I15: Metode | J15: Target | K15: Satuan | L15: Realisasi | M15: Satuan | N15: Score (Bobot x Realisasi)
B16: 1 | C16: Penyelesaian keseluruhan project | E16: Persentase penyelesaian keseluruhan project dalam bulan berjalan (termasuk trouble shooting) | H16: 0.4 | I16: Maximize | J16: 95 | K16: % | L16: 115 | M16: =K16 -> % | N16: =IF(I16="Maximize",L16/J16*100*H16,IF(I16="Minimize",J16/L16*100*H16)) -> 48.421053
B17: 2 | C17: Improvement | E17: Persentase penyelesaian improvement | H17: 0.3 | I17: Maximize | J17: 95 | K17: % | L17: 80 | M17: =K17 -> % | N17: =IF(I17="Maximize",L17/J17*100*H17,IF(I17="Minimize",J17/L17*100*H17)) -> 25.263158
B18: 3 | C18: Kesesuaian hasil pekerjaan | E18: Kepuasan klien terhadap hasil pekerjaan (tidak ada komplain, retur, dsb) | H18: 0.2 | I18: Maximize | J18: 100 | K18: % | L18: 100 | M18: =K18 -> % | N18: =IF(I18="Maximize",L18/J18*100*H18,IF(I18="Minimize",J18/L18*100*H18)) -> 20
B19: 4 | C19: Safety | E19: Seluruh pekerjaan baik fabrikasi maupun instalasi dilakukan dengan aman dan memperhatikan faktor K3 (no safety issue) | H19: 0.05 | I19: Maximize | J19: 100 | K19: % | L19: 100 | M19: =K19 -> % | N19: =IF(I19="Maximize",L19/J19*100*H19,IF(I19="Minimize",J19/L19*100*H19)) -> 5
B20: 5 | C20: Dokumentasi | E20: Dokumentasi pekerjaan di arsipkan dengan baik | H20: 0.05 | I20: Maximize | J20: 100 | K20: % | L20: 100 | M20: =K20 -> % | N20: =IF(I20="Maximize",L20/J20*100*H20,IF(I20="Minimize",J20/L20*100*H20)) -> 5
C21: Total bobot max 100% | H21: =SUM(H16:H20) -> 1 | M21: Total Score | N21: =SUM(N16:N20) -> 103.68421
C23: Grand Total Score KPI = | D23: Total Score x Bobot
E24: =N21 -> 103.68421 | F24: x | G24: 0.8 | H24: = | I24: =G24*E24 -> 82.947368
B26: B. Soft Skill
E28: No | F28: Kompetensi | H28: Bobot | I28: Nilai | J28: Score (Bobot x Nilai)
E29: 1 | F29: Dicipline | H29: 0.25 | I29: 80 | J29: =H29*I29 -> 20
E30: 2 | F30: Responsible | H30: 0.25 | I30: 80 | J30: =H30*I30 -> 20
E31: 3 | F31: Team Work | H31: 0.25 | I31: 80 | J31: =H31*I31 -> 20
E32: 4 | F32: Great Execution | H32: 0.25 | I32: 80 | J32: =H32*I32 -> 20
E35: Total bobot | H35: =SUM(H29:H34) -> 1 | I35: Total Score | J35: =SUM(J29:J34) -> 80
C37: Grand Total Score Kompetensi = | D37: Total Score x Bobot
E38: =J35 -> 80 | F38: x | G38: 0.2 | H38: = | I38: =G38*E38 -> 16
C41: Total Nilai
C42: Grand Total Score KPI + Grand Total Score Kompetensi | H42: =I24 -> 82.947368 | I42: + | J42: =I38 -> 16 | K42: = | L42: =H42+J42 -> 98.947368
C44: Dibuat Oleh, | G44: Disetujui Oleh,
C50: Nama: | G50: Nama :
C51: Tanggal: | G51: Tanggal :

Sheet Engineering Staff (Jeremia)
B2: LEMBAR KEY PERFORMANCE INDICATOR | N2: Company Logo
C7: URAIAN
C8: Department/ Unit | D8: : | E8: Engineering
C9: Jabatan | D9: : | E9: Engineering Staff
C10: Nama Karyawan | D10: : | E10: Jeremia
C11: Bulan Penilaian | D11: : | E11: Juli 2026
B13: A. Penilaian KPI
B15: No | C15: Key Result Area | E15: Key Performance Indicator | H15: Bobot | I15: Metode | J15: Target | K15: Satuan | L15: Realisasi | M15: Satuan | N15: Score (Bobot x Realisasi)
B16: 1 | C16: Penyelesaian keseluruhan project | E16: Persentase penyelesaian keseluruhan project dalam bulan berjalan (termasuk trouble shooting) | H16: 0.4 | I16: Maximize | J16: 95 | K16: % | L16: 136 | M16: =K16 -> % | N16: =IF(I16="Maximize",L16/J16*100*H16,IF(I16="Minimize",J16/L16*100*H16)) -> 57.263158
B17: 2 | C17: Improvement | E17: Persentase penyelesaian improvement | H17: 0.3 | I17: Maximize | J17: 95 | K17: % | L17: 80 | M17: =K17 -> % | N17: =IF(I17="Maximize",L17/J17*100*H17,IF(I17="Minimize",J17/L17*100*H17)) -> 25.263158
B18: 3 | C18: Kesesuaian hasil pekerjaan | E18: Kepuasan klien terhadap hasil pekerjaan (tidak ada komplain, retur, dsb) | H18: 0.2 | I18: Maximize | J18: 100 | K18: % | L18: 100 | M18: =K18 -> % | N18: =IF(I18="Maximize",L18/J18*100*H18,IF(I18="Minimize",J18/L18*100*H18)) -> 20
B19: 4 | C19: Safety | E19: Seluruh pekerjaan baik fabrikasi maupun instalasi dilakukan dengan aman dan memperhatikan faktor K3 (no safety issue) | H19: 0.05 | I19: Maximize | J19: 100 | K19: % | L19: 100 | M19: =K19 -> % | N19: =IF(I19="Maximize",L19/J19*100*H19,IF(I19="Minimize",J19/L19*100*H19)) -> 5
B20: 5 | C20: Dokumentasi | E20: Dokumentasi pekerjaan di arsipkan dengan baik | H20: 0.05 | I20: Maximize | J20: 100 | K20: % | L20: 100 | M20: =K20 -> % | N20: =IF(I20="Maximize",L20/J20*100*H20,IF(I20="Minimize",J20/L20*100*H20)) -> 5
C21: Total bobot max 100% | H21: =SUM(H16:H20) -> 1 | M21: Total Score | N21: =SUM(N16:N20) -> 112.52632
C23: Grand Total Score KPI = | D23: Total Score x Bobot
E24: =N21 -> 112.52632 | F24: x | G24: 0.8 | H24: = | I24: =G24*E24 -> 90.021053
B26: B. Soft Skill
E28: No | F28: Kompetensi | H28: Bobot | I28: Nilai | J28: Score (Bobot x Nilai)
E29: 1 | F29: Dicipline | H29: 0.25 | I29: 80 | J29: =H29*I29 -> 20
E30: 2 | F30: Responsible | H30: 0.25 | I30: 80 | J30: =H30*I30 -> 20
E31: 3 | F31: Team Work | H31: 0.25 | I31: 80 | J31: =H31*I31 -> 20
E32: 4 | F32: Great Execution | H32: 0.25 | I32: 80 | J32: =H32*I32 -> 20
E35: Total bobot | H35: =SUM(H29:H34) -> 1 | I35: Total Score | J35: =SUM(J29:J34) -> 80
C37: Grand Total Score Kompetensi = | D37: Total Score x Bobot
E38: =J35 -> 80 | F38: x | G38: 0.2 | H38: = | I38: =G38*E38 -> 16
C41: Total Nilai
C42: Grand Total Score KPI + Grand Total Score Kompetensi | H42: =I24 -> 90.021053 | I42: + | J42: =I38 -> 16 | K42: = | L42: =H42+J42 -> 106.02105
C44: Dibuat Oleh, | G44: Disetujui Oleh,
C50: Nama: | G50: Nama :
C51: Tanggal: | G51: Tanggal :

Sheet Inventory Control Staff
B2: LEMBAR KEY PERFORMANCE INDICATOR | N2: Company Logo
C7: URAIAN
C8: Department/ Unit | D8: : | E8: Warehouse
C9: Jabatan | D9: : | E9: Inventory Control Staff
C10: Nama Karyawan | D10: :
C11: Bulan Penilaian | D11: : | E11: Juli 2026
B13: A. Penilaian KPI
B15: No | C15: Key Result Area | E15: Key Performance Indicator | H15: Bobot | I15: Metode | J15: Target | K15: Satuan | L15: Realisasi | M15: Satuan | N15: Score (Bobot x Realisasi)
B16: 1 | C16: Akurasi stok | E16: Akurasi kesesuaian stok fisik dengan data yang ada | H16: 0.5 | I16: Maximize | J16: 100 | K16: % | L16: 100 | M16: =K16 -> % | N16: =IF(I16="Maximize",L16/J16*100*H16,IF(I16="Minimize",J16/L16*100*H16)) -> 50
B17: 2 | C17: Kerapihan dan kebersihan gudang | E17: Kondisi gudang dalam keadaan bersih dan rapi | H17: 0.2 | I17: Maximize | J17: 1 | K17: % | L17: 1 | M17: =K17 -> % | N17: =IF(I17="Maximize",L17/J17*100*H17,IF(I17="Minimize",J17/L17*100*H17)) -> 20
B18: 3 | H18: 0.2 | I18: Maximize | J18: 1 | K18: % | L18: 1 | M18: =K18 -> % | N18: =IF(I18="Maximize",L18/J18*100*H18,IF(I18="Minimize",J18/L18*100*H18)) -> 20
B19: 4 | H19: 0.1 | I19: Maximize | J19: 1 | L19: 1 | M19: =K19 -> 0 | N19: =IF(I19="Maximize",L19/J19*100*H19,IF(I19="Minimize",J19/L19*100*H19)) -> 10
C20: Total bobot max 100% | H20: =SUM(H16:H19) -> 1 | M20: Total Score | N20: =SUM(N16:N19) -> 100
C22: Grand Total Score KPI = | D22: Total Score x Bobot
E23: =N20 -> 100 | F23: x | G23: 0.8 | H23: = | I23: =G23*E23 -> 80
B25: B. Soft Skill
E27: No | F27: Kompetensi | H27: Bobot | I27: Nilai | J27: Score (Bobot x Nilai)
E28: 1 | F28: Dicipline | H28: 0.25 | I28: 80 | J28: =H28*I28 -> 20
E29: 2 | F29: Responsible | H29: 0.25 | I29: 90 | J29: =H29*I29 -> 22.5
E30: 3 | F30: Team Work | H30: 0.25 | I30: 90 | J30: =H30*I30 -> 22.5
E31: 4 | F31: Great Execution | H31: 0.25 | I31: 85 | J31: =H31*I31 -> 21.25
E34: Total bobot | H34: =SUM(H28:H33) -> 1 | I34: Total Score | J34: =SUM(J28:J33) -> 86.25
C36: Grand Total Score Kompetensi = | D36: Total Score x Bobot
E37: =J34 -> 86.25 | F37: x | G37: 0.2 | H37: = | I37: =G37*E37 -> 17.25
C40: Total Nilai
C41: Grand Total Score KPI + Grand Total Score Kompetensi | H41: =I23 -> 80 | I41: + | J41: =I37 -> 17.25 | K41: = | L41: =H41+J41 -> 97.25
C43: Dibuat Oleh, | G43: Disetujui Oleh,
C49: Nama: | G49: Nama :
C50: Tanggal: | G50: Tanggal :

Sheet Office Boy
B2: LEMBAR KEY PERFORMANCE INDICATOR | N2: Company Logo
C7: URAIAN
C8: Department/ Unit | D8: : | E8: Warehouse
C9: Jabatan | D9: : | E9: Office Boy
C10: Nama Karyawan | D10: :
C11: Bulan Penilaian | D11: : | E11: Juli 2026
B13: A. Penilaian KPI
B15: No | C15: Key Result Area | E15: Key Performance Indicator | H15: Bobot | I15: Metode | J15: Target | K15: Satuan | L15: Realisasi | M15: Satuan | N15: Score (Bobot x Realisasi)
B16: 1 | C16: Kebersihan dan Kerapihan Area Kerja | E16: Kondisi lingkungan kerja yang bersih dan nyaman | H16: 0.5 | I16: Maximize | J16: 100 | K16: % | L16: 100 | M16: =K16 -> % | N16: =IF(I16="Maximize",L16/J16*100*H16,IF(I16="Minimize",J16/L16*100*H16)) -> 50
B17: 2 | C17: Kecepatan dan Ketepatan Dukungan Operasional | E17: Pemenuhan dukungan operasional terhadap kebutuhan tim dilakukan dengan responsif | H17: 0.2 | I17: Maximize | J17: 1 | K17: % | L17: 1 | M17: =K17 -> % | N17: =IF(I17="Maximize",L17/J17*100*H17,IF(I17="Minimize",J17/L17*100*H17)) -> 20
B18: 3 | C18: Perawatan Fasilitas dan Peralatan | E18: Fasilitas dan peralatan selalu siap sedia dan dirawat secara berkala | H18: 0.2 | I18: Maximize | J18: 1 | K18: % | L18: 1 | M18: =K18 -> % | N18: =IF(I18="Maximize",L18/J18*100*H18,IF(I18="Minimize",J18/L18*100*H18)) -> 20
B19: 4 | H19: 0.1 | I19: Maximize | J19: 1 | L19: 1 | M19: =K19 -> 0 | N19: =IF(I19="Maximize",L19/J19*100*H19,IF(I19="Minimize",J19/L19*100*H19)) -> 10
C20: Total bobot max 100% | H20: =SUM(H16:H19) -> 1 | M20: Total Score | N20: =SUM(N16:N19) -> 100
C22: Grand Total Score KPI = | D22: Total Score x Bobot
E23: =N20 -> 100 | F23: x | G23: 0.8 | H23: = | I23: =G23*E23 -> 80
B25: B. Soft Skill
E27: No | F27: Kompetensi | H27: Bobot | I27: Nilai | J27: Score (Bobot x Nilai)
E28: 1 | F28: Dicipline | H28: 0.25 | I28: 80 | J28: =H28*I28 -> 20
E29: 2 | F29: Responsible | H29: 0.25 | I29: 90 | J29: =H29*I29 -> 22.5
E30: 3 | F30: Team Work | H30: 0.25 | I30: 90 | J30: =H30*I30 -> 22.5
E31: 4 | F31: Great Execution | H31: 0.25 | I31: 85 | J31: =H31*I31 -> 21.25
E34: Total bobot | H34: =SUM(H28:H33) -> 1 | I34: Total Score | J34: =SUM(J28:J33) -> 86.25
C36: Grand Total Score Kompetensi = | D36: Total Score x Bobot
E37: =J34 -> 86.25 | F37: x | G37: 0.2 | H37: = | I37: =G37*E37 -> 17.25
C40: Total Nilai
C41: Grand Total Score KPI + Grand Total Score Kompetensi | H41: =I23 -> 80 | I41: + | J41: =I37 -> 17.25 | K41: = | L41: =H41+J41 -> 97.25
C43: Dibuat Oleh, | G43: Disetujui Oleh,
C49: Nama: | G49: Nama :
C50: Tanggal: | G50: Tanggal :

Sheet HRGA
B2: LEMBAR KEY PERFORMANCE INDICATOR | N2: Company Logo
C7: URAIAN
C8: Department/ Unit | D8: : | E8: Warehouse
C9: Jabatan | D9: : | E9: HR
C10: Nama Karyawan | D10: :
C11: Bulan Penilaian | D11: : | E11: Juli 2026
B13: A. Penilaian KPI
B15: No | C15: Key Result Area | E15: Key Performance Indicator | H15: Bobot | I15: Metode | J15: Target | K15: Satuan | L15: Realisasi | M15: Satuan | N15: Score (Bobot x Realisasi)
B16: 1 | C16: Kebersihan dan Kerapihan Area Kerja | E16: Kondisi lingkungan kerja yang bersih dan nyaman | H16: 0.5 | I16: Maximize | J16: 100 | K16: % | L16: 100 | M16: =K16 -> % | N16: =IF(I16="Maximize",L16/J16*100*H16,IF(I16="Minimize",J16/L16*100*H16)) -> 50
B17: 2 | C17: Kecepatan dan Ketepatan Dukungan Operasional | E17: Pemenuhan dukungan operasional terhadap kebutuhan tim dilakukan dengan responsif | H17: 0.2 | I17: Maximize | J17: 1 | K17: % | L17: 1 | M17: =K17 -> % | N17: =IF(I17="Maximize",L17/J17*100*H17,IF(I17="Minimize",J17/L17*100*H17)) -> 20
B18: 3 | C18: Perawatan Fasilitas dan Peralatan | E18: Fasilitas dan peralatan selalu siap sedia dan dirawat secara berkala | H18: 0.2 | I18: Maximize | J18: 1 | K18: % | L18: 1 | M18: =K18 -> % | N18: =IF(I18="Maximize",L18/J18*100*H18,IF(I18="Minimize",J18/L18*100*H18)) -> 20
B19: 4 | H19: 0.1 | I19: Maximize | J19: 1 | L19: 1 | M19: =K19 -> 0 | N19: =IF(I19="Maximize",L19/J19*100*H19,IF(I19="Minimize",J19/L19*100*H19)) -> 10
C20: Total bobot max 100% | H20: =SUM(H16:H19) -> 1 | M20: Total Score | N20: =SUM(N16:N19) -> 100
C22: Grand Total Score KPI = | D22: Total Score x Bobot
E23: =N20 -> 100 | F23: x | G23: 0.8 | H23: = | I23: =G23*E23 -> 80
B25: B. Soft Skill
E27: No | F27: Kompetensi | H27: Bobot | I27: Nilai | J27: Score (Bobot x Nilai)
E28: 1 | F28: Dicipline | H28: 0.25 | I28: 80 | J28: =H28*I28 -> 20
E29: 2 | F29: Responsible | H29: 0.25 | I29: 90 | J29: =H29*I29 -> 22.5
E30: 3 | F30: Team Work | H30: 0.25 | I30: 90 | J30: =H30*I30 -> 22.5
E31: 4 | F31: Great Execution | H31: 0.25 | I31: 85 | J31: =H31*I31 -> 21.25
E34: Total bobot | H34: =SUM(H28:H33) -> 1 | I34: Total Score | J34: =SUM(J28:J33) -> 86.25
C36: Grand Total Score Kompetensi = | D36: Total Score x Bobot
E37: =J34 -> 86.25 | F37: x | G37: 0.2 | H37: = | I37: =G37*E37 -> 17.25
C40: Total Nilai
C41: Grand Total Score KPI + Grand Total Score Kompetensi | H41: =I23 -> 80 | I41: + | J41: =I37 -> 17.25 | K41: = | L41: =H41+J41 -> 97.25
C43: Dibuat Oleh, | G43: Disetujui Oleh,
C49: Nama: | G49: Nama :
C50: Tanggal: | G50: Tanggal :

Sheet Main T&C
B2: T&C Bonus Bulanan
D3: Input & Edit | H3: Input & Edit | I3: Input & Edit | L3: Keterangan
K4: 1 | L4: komponen penghitung bonus bulanan terdiri dari 3 faktor
C5: A. Alokasi Bonus Bulanan | G5: C. Indikator Omset | L5: 1. Alokasi bonus bulanan per jabatan
C6: Jabatan | D6: Persentase | G6: Tier | H6: Target omset | I6: Pengali Bonus | L6: 2. Grading KPI yang diperoleh tiap bulan serta
C7: General Manager | D7: 0.02 | G7: Bonus Aktif Tier I | H7: 500000000 | I7: 1.6 | L7: 3. Omset yang didapat perusahaan tiap bulan. Tiap komponen berpengaruh pada bonus yang akan diperoleh
C8: Head of Sales | D8: 0.08 | G8: Bonus Aktif Tier II | H8: 300000000 | I8: 1.3 | K8: 2 | L8: Tentukan alokasi bonus tiap jabatan
C9: Head of Marketing | D9: 0.07 | G9: Bonus Aktif Tier III | H9: 200000000 | I9: 1 | K9: 3 | L9: Nilai KPI didapatkan dari hasil penilaian kinerja bulanan
C10: Head of Engineering | D10: 0.08 | G10: Omset Kotor | H10: =SUM('Head of Sales (Yadi)'!L16+'Sales Staff (Sanjaya)'!L16+'Sales Staff (2)'!L16) -> 133716920 | I10: <otomatis dari KPI> | K10: 4 | L10: Indikator omest merupakan indikator dari omset perusahaan yang didapatkan pada bulan berjalan
C11: Engineering Staff | D11: 0.1 | G11: Biaya Pajak All | H11: =SUM('Bonus Project'!G4:G7) -> 14701861 | I11: <input dari biaya sheet bonus project)
C12: Sales Admin Staff | D12: 0.07 | G12: Biaya Pengiriman All | H12: =SUM('Bonus Project'!H4:H7) -> 0 | I12: <input dari biaya sheet bonus project)
C13: Sales Staff | D13: 0.15 | G13: Biaya Lain-lain All | H13: =SUM('Bonus Project'!I4:I7) -> 14500000 | I13: <input dari biaya sheet bonus project)
C14: Inventory Control Staff | D14: 0.04 | G14: Omset Bersih | H14: =H10-H11-H12-H13 -> 104515059
C15: Office Boy | D15: 0.03 | E15: Input & Edit
C17: b. Grading KPI
C18: Score | D18: Grade KPI | E18: Persentase Perolehan
C19: ≥ 95 (Excellent) | D19: A | E19: 1
C20: 85 - 94 (Very Good) | D20: B | E20: 0.75
C21: 75 - 84 (Good) | D21: C | E21: 0.6
C22: 65 - 74 (Below Target) | D22: D | E22: 0
C23: < 65 (Poor) | D23: E | E23: 0
D28: Input & Edit
C30: Target Penjualan Bulanan
C31: Pencapaian | D31: Besaran Komisi
C32: 120 | D32: 0.04
C33: 100 | D33: 0.03
C34: 80 | D34: 0.02
C35: 80 | D35: 0.01

Sheet Sheet2
B2: Minimize
B3: Maximize

Sheet Bonus Project
B2: Sales Bonus Project | G2: Input Biaya
B3: No | C3: Nama | D3: Jabatan | E3: Target Bulanan | F3: Pencapaian (Omset Kotor) | G3: Pajak | H3: Biaya Kirim | I3: Baiya Lain | J3: Omset Bersih | K3: Persentase Capaian | L3: Additional | M3: Komisi | N3: Grand Total | P3: Note
B4: 1 | C4: ='Head of Sales (Yadi)'!E10 -> Yadi | D4: Head of Sales | E4: ='Head of Sales (Yadi)'!J16 -> 200000000 | F4: ='Head of Sales (Yadi)'!L16 -> 133716920 | G4: 14701861 | H4: 0 | I4: 14500000 | J4: =F4-G4-H4-I4 -> 104515059 | K4: =F4/E4*100 -> 66.85846 | L4: =SUMIF(D4:D6,"Sales Staff",M4:M6)*5% -> 0 | M4: =IF(K4>='Main T&C'!$C$32,J4*'Main T&C'!$D$32,IF(K4>'Main T&C'!$C$33,J4*'Main T&C'!$D$33,IF(K4>'Main T&C'!$C$34,J4*'Main T&C'!$D$34,IF(K4<='Main T&C'!$C$35,J4*'Main T&C'!$D$35,0)))) -> 1045150.6 | N4: =L4+M4 -> 1045150.6 | P4: Tinjau kembali pemberian komisi.
B5: 2 | C5: ='Sales Staff (Sanjaya)'!E10 -> Sanjaya | D5: Sales Staff | E5: ='Sales Staff (Sanjaya)'!J16 -> 200000000 | F5: ='Sales Staff (Sanjaya)'!L16 -> 0 | G5: 0 | H5: 0 | I5: 0 | J5: =F5-G5-H5-I5 -> 0 | K5: =F5/E5*100 -> 0 | L5: 0 | M5: =IF(K5>='Main T&C'!$C$32,F5*'Main T&C'!$D$32,IF(K5>'Main T&C'!$C$33,F5*'Main T&C'!$D$33,IF(K5>'Main T&C'!$C$34,F5*'Main T&C'!$D$34,IF(K5<='Main T&C'!$C$35,F5*'Main T&C'!$D$35,0)))) -> 0 | N5: =L5+M5 -> 0 | P5: Komisi yang ini dihitung dari keseluruhan nett hasil penjualan.
P6: Tidak dihitung per persentase jenis item yang dikerjakan seperti yang di rekap sales
E8: =SUM(E4:E7) -> 400000000 | F8: =SUM(F4:F7) -> 133716920 | K8: =SUM(L4:L7) -> 0 | L8: =SUM(M4:M7) -> 1045150.6 | M8: =SUM(N4:N7) -> 1045150.6
B10: Engineer Bonus Project (Diambil dari jumlah komisi sales x 5%)
B11: No | C11: Nama | D11: Jabatan | E11: Persentase Komisi | F11: Total Komisi
B12: 1 | C12: ='Head of Engineering (Arie)'!E10 -> Arie Putra | D12: ='Head of Engineering (Arie)'!E9 -> Head of Engineering | E12: 0.05 | F12: =SUM($M$4:$M$5)*E12 -> 52257.53
B13: 2 | C13: ='Engineering Staff (Evan)'!E10 -> Evan | D13: ='Engineering Staff (Evan)'!E9 -> Engineering Staff | E13: 0.05 | F13: =SUM($M$4:$M$5)*E13 -> 52257.53
B14: 3 | C14: ='Engineering Staff (Jeremia)'!E10 -> Jeremia | D14: ='Engineering Staff (Jeremia)'!E9 -> Engineering Staff | E14: 0.05 | F14: =SUM($M$4:$M$5)*E14 -> 52257.53
F15: =SUM(F12:F14) -> 156772.59

Sheet KPI Recap, Bonus Bulanan, Payme
J1: (Masukkan gaji pokok)
B2: BONUS BULANAN | N2: Total Omset Bersih | O2: ='Main T&C'!H14 -> 104515059
B3: No | C3: Nama | D3: Jabatan | E3: Departemen | F3: Periode KPI | G3: Score KPI | H3: Grade KPI | I3: Gaji Pokok | J3: Persentase Bonus | K3: Bonus Bulanan | L3: Bonus Project/ Komisi | M3: Additonal Bonus | N3: Total All Bonus | O3: Persentase Total Bonus/ Omset
B4: 1 | C4: ='General Manager'!E10 -> Rudi | D4: ='General Manager'!E9 -> General Manager | E4: ='General Manager'!E8 -> Management | F4: ='General Manager'!E11 -> Juli 2026 | G4: ='General Manager'!L41 -> 107.25 | H4: =IF(G4>=95,'Main T&C'!$D$19,IF(G4>=85,'Main T&C'!$D$20,IF(G4>=75,'Main T&C'!$D$21,IF(G4>=65,'Main T&C'!$D$22,IF(G4<65,'Main T&C'!$D$23))))) -> A | I4: 20000000 | J4: =IF('Main T&C'!$H$10<'Main T&C'!$H$9,"0",IF(D4="General Manager",'Main T&C'!$D$7,IF(D4="Head of Sales",'Main T&C'!$D$8,IF(D4="Head of Marketing",'Main T&C'!$D$9,IF(D4="Head of Engineering",'Main T&C'!$D$10,IF(D4="Engineering Staff",'Main T&C'!$D$11,IF(D4="Sales Admin Staff",'Main T&C'!$D$12,IF(D4="Sales Staff",'Main T&C'!$D$13,IF(D4="Inventory Control Staff",'Main T&C'!$D$14,IF(D4="Office Boy",'Main T&C'!$D$15)))))))))) -> 0 | K4: =IF(H4="A",I4*J4*'Main T&C'!$E$19,IF(H4="B",I4*J4*'Main T&C'!$E$20,IF(H4="C",I4*J4*'Main T&C'!$E$21,IF(H4="D",I4*J4*'Main T&C'!$E$22,IF(H4="E",I4*J4*0,0)))))*(IF('Main T&C'!$H$10>='Main T&C'!$H$7,'Main T&C'!$I$7,IF('Main T&C'!$H$10>='Main T&C'!$H$8,'Main T&C'!$I$8,IF('Main T&C'!$H$10>='Main T&C'!$H$9,'Main T&C'!$I$9,0)))) -> 0 | L4: 0 | M4: 0 | N4: =SUM(K4:M4) -> 0 | O4: =N4/$O$2*100% -> 0
B5: 1 | C5: ='Head of Sales (Yadi)'!E10 -> Yadi | D5: ='Head of Sales (Yadi)'!E9 -> Head of Sales | E5: ='Head of Sales (Yadi)'!E8 -> Sales | F5: ='Head of Sales (Yadi)'!E11 -> Juli 2026 | G5: ='Head of Sales (Yadi)'!L40 -> 79.65767 | H5: =IF(G5>=95,'Main T&C'!$D$19,IF(G5>=85,'Main T&C'!$D$20,IF(G5>=75,'Main T&C'!$D$21,IF(G5>=65,'Main T&C'!$D$22,IF(G5<65,'Main T&C'!$D$23))))) -> C | I5: 6000000 | J5: =IF('Main T&C'!$H$10<'Main T&C'!$H$9,"0",IF(D5="General Manager",'Main T&C'!$D$7,IF(D5="Head of Sales",'Main T&C'!$D$8,IF(D5="Head of Marketing",'Main T&C'!$D$9,IF(D5="Head of Engineering",'Main T&C'!$D$10,IF(D5="Engineering Staff",'Main T&C'!$D$11,IF(D5="Sales Admin Staff",'Main T&C'!$D$12,IF(D5="Sales Staff",'Main T&C'!$D$13,IF(D5="Inventory Control Staff",'Main T&C'!$D$14,IF(D5="Office Boy",'Main T&C'!$D$15)))))))))) -> 0 | K5: =IF(H5="A",I5*J5*'Main T&C'!$E$19,IF(H5="B",I5*J5*'Main T&C'!$E$20,IF(H5="C",I5*J5*'Main T&C'!$E$21,IF(H5="D",I5*J5*'Main T&C'!$E$22,IF(H5="E",I5*J5*0,0)))))*(IF('Main T&C'!$H$10>='Main T&C'!$H$7,'Main T&C'!$I$7,IF('Main T&C'!$H$10>='Main T&C'!$H$8,'Main T&C'!$I$8,IF('Main T&C'!$H$10>='Main T&C'!$H$9,'Main T&C'!$I$9,0)))) -> 0 | L5: ='Bonus Project'!M4 -> 1045150.6 | M5: ='Bonus Project'!L4 -> 0 | N5: =SUM(K5:M5) -> 1045150.6 | O5: =N5/$O$2*100% -> 0.01
B6: 2 | C6: ='Sales Staff (Sanjaya)'!E10 -> Sanjaya | D6: ='Sales Staff (Sanjaya)'!E9 -> Sales Staff | E6: ='Sales Staff (Sanjaya)'!E8 -> Sales | F6: ='Sales Staff (Sanjaya)'!E11 -> Juli 2026 | G6: ='Sales Staff (Sanjaya)'!L40 -> 40 | H6: =IF(G6>=95,'Main T&C'!$D$19,IF(G6>=85,'Main T&C'!$D$20,IF(G6>=75,'Main T&C'!$D$21,IF(G6>=65,'Main T&C'!$D$22,IF(G6<65,'Main T&C'!$D$23))))) -> E | I6: 3000000 | J6: =IF('Main T&C'!$H$10<'Main T&C'!$H$9,"0",IF(D6="General Manager",'Main T&C'!$D$7,IF(D6="Head of Sales",'Main T&C'!$D$8,IF(D6="Head of Marketing",'Main T&C'!$D$9,IF(D6="Head of Engineering",'Main T&C'!$D$10,IF(D6="Engineering Staff",'Main T&C'!$D$11,IF(D6="Sales Admin Staff",'Main T&C'!$D$12,IF(D6="Sales Staff",'Main T&C'!$D$13,IF(D6="Inventory Control Staff",'Main T&C'!$D$14,IF(D6="Office Boy",'Main T&C'!$D$15)))))))))) -> 0 | K6: =IF(H6="A",I6*J6*'Main T&C'!$E$19,IF(H6="B",I6*J6*'Main T&C'!$E$20,IF(H6="C",I6*J6*'Main T&C'!$E$21,IF(H6="D",I6*J6*'Main T&C'!$E$22,IF(H6="E",I6*J6*0,0)))))*(IF('Main T&C'!$H$10>='Main T&C'!$H$7,'Main T&C'!$I$7,IF('Main T&C'!$H$10>='Main T&C'!$H$8,'Main T&C'!$I$8,IF('Main T&C'!$H$10>='Main T&C'!$H$9,'Main T&C'!$I$9,0)))) -> 0 | L6: ='Bonus Project'!M5 -> 0 | M6: 0 | N6: =SUM(K6:M6) -> 0 | O6: =N6/$O$2*100% -> 0
B7: 4 | C7: ='Sales Staff (2)'!E10 -> Sales 2 | D7: ='Sales Staff (2)'!E9 -> Sales Staff | E7: ='Sales Staff (2)'!E8 -> Sales | F7: ='Sales Staff (2)'!E11 -> Mei 2026 | G7: ='Sales Staff (2)'!L41 -> 40.869048 | H7: =IF(G7>=95,'Main T&C'!$D$19,IF(G7>=85,'Main T&C'!$D$20,IF(G7>=75,'Main T&C'!$D$21,IF(G7>=65,'Main T&C'!$D$22,IF(G7<65,'Main T&C'!$D$23))))) -> E | I7: 4000000 | J7: =IF('Main T&C'!$H$10<'Main T&C'!$H$9,"0",IF(D7="General Manager",'Main T&C'!$D$7,IF(D7="Head of Sales",'Main T&C'!$D$8,IF(D7="Head of Marketing",'Main T&C'!$D$9,IF(D7="Head of Engineering",'Main T&C'!$D$10,IF(D7="Engineering Staff",'Main T&C'!$D$11,IF(D7="Sales Admin Staff",'Main T&C'!$D$12,IF(D7="Sales Staff",'Main T&C'!$D$13,IF(D7="Inventory Control Staff",'Main T&C'!$D$14,IF(D7="Office Boy",'Main T&C'!$D$15)))))))))) -> 0 | K7: =IF(H7="A",I7*J7*'Main T&C'!$E$19,IF(H7="B",I7*J7*'Main T&C'!$E$20,IF(H7="C",I7*J7*'Main T&C'!$E$21,IF(H7="D",I7*J7*'Main T&C'!$E$22,IF(H7="E",I7*J7*0,0)))))*(IF('Main T&C'!$H$10>='Main T&C'!$H$7,'Main T&C'!$I$7,IF('Main T&C'!$H$10>='Main T&C'!$H$8,'Main T&C'!$I$8,IF('Main T&C'!$H$10>='Main T&C'!$H$9,'Main T&C'!$I$9,0)))) -> 0 | L7: ='Bonus Project'!M6 -> 0 | M7: 0 | N7: =SUM(K7:M7) -> 0 | O7: =N7/$O$2*100% -> 0
B8: 5 | C8: ='Head of Marketing'!E10 -> 0 | D8: ='Head of Marketing'!E9 -> Head of Marketing | E8: ='Head of Marketing'!E8 -> Marketing | F8: ='Head of Marketing'!E11 -> Juli 2026 | G8: ='Head of Marketing'!L41 -> 97.25 | H8: =IF(G8>=95,'Main T&C'!$D$19,IF(G8>=85,'Main T&C'!$D$20,IF(G8>=75,'Main T&C'!$D$21,IF(G8>=65,'Main T&C'!$D$22,IF(G8<65,'Main T&C'!$D$23))))) -> A | I8: 8000000 | J8: =IF('Main T&C'!$H$10<'Main T&C'!$H$9,"0",IF(D8="General Manager",'Main T&C'!$D$7,IF(D8="Head of Sales",'Main T&C'!$D$8,IF(D8="Head of Marketing",'Main T&C'!$D$9,IF(D8="Head of Engineering",'Main T&C'!$D$10,IF(D8="Engineering Staff",'Main T&C'!$D$11,IF(D8="Sales Admin Staff",'Main T&C'!$D$12,IF(D8="Sales Staff",'Main T&C'!$D$13,IF(D8="Inventory Control Staff",'Main T&C'!$D$14,IF(D8="Office Boy",'Main T&C'!$D$15)))))))))) -> 0 | K8: =IF(H8="A",I8*J8*'Main T&C'!$E$19,IF(H8="B",I8*J8*'Main T&C'!$E$20,IF(H8="C",I8*J8*'Main T&C'!$E$21,IF(H8="D",I8*J8*'Main T&C'!$E$22,IF(H8="E",I8*J8*0,0)))))*(IF('Main T&C'!$H$10>='Main T&C'!$H$7,'Main T&C'!$I$7,IF('Main T&C'!$H$10>='Main T&C'!$H$8,'Main T&C'!$I$8,IF('Main T&C'!$H$10>='Main T&C'!$H$9,'Main T&C'!$I$9,0)))) -> 0 | L8: 0 | M8: 0 | N8: =SUM(K8:M8) -> 0 | O8: =N8/$O$2*100% -> 0
B9: 3 | C9: ='Head of Engineering (Arie)'!E10 -> Arie Putra | D9: ='Head of Engineering (Arie)'!E9 -> Head of Engineering | E9: ='Head of Engineering (Arie)'!E8 -> Engineering | F9: ='Head of Engineering (Arie)'!E11 -> Juli 2026 | G9: ='Head of Engineering (Arie)'!L42 -> 103.32632 | H9: =IF(G9>=95,'Main T&C'!$D$19,IF(G9>=85,'Main T&C'!$D$20,IF(G9>=75,'Main T&C'!$D$21,IF(G9>=65,'Main T&C'!$D$22,IF(G9<65,'Main T&C'!$D$23))))) -> A | I9: 6000000 | J9: =IF('Main T&C'!$H$10<'Main T&C'!$H$9,"0",IF(D9="General Manager",'Main T&C'!$D$7,IF(D9="Head of Sales",'Main T&C'!$D$8,IF(D9="Head of Marketing",'Main T&C'!$D$9,IF(D9="Head of Engineering",'Main T&C'!$D$10,IF(D9="Engineering Staff",'Main T&C'!$D$11,IF(D9="Sales Admin Staff",'Main T&C'!$D$12,IF(D9="Sales Staff",'Main T&C'!$D$13,IF(D9="Inventory Control Staff",'Main T&C'!$D$14,IF(D9="Office Boy",'Main T&C'!$D$15)))))))))) -> 0 | K9: =IF(H9="A",I9*J9*'Main T&C'!$E$19,IF(H9="B",I9*J9*'Main T&C'!$E$20,IF(H9="C",I9*J9*'Main T&C'!$E$21,IF(H9="D",I9*J9*'Main T&C'!$E$22,IF(H9="E",I9*J9*0,0)))))*(IF('Main T&C'!$H$10>='Main T&C'!$H$7,'Main T&C'!$I$7,IF('Main T&C'!$H$10>='Main T&C'!$H$8,'Main T&C'!$I$8,IF('Main T&C'!$H$10>='Main T&C'!$H$9,'Main T&C'!$I$9,0)))) -> 0 | L9: ='Bonus Project'!F12 -> 52257.53 | M9: 0 | N9: =SUM(K9:M9) -> 52257.53 | O9: =N9/$O$2*100% -> 0.0005
B10: 4 | C10: ='Engineering Staff (Evan)'!E10 -> Evan | D10: ='Engineering Staff (Evan)'!E9 -> Engineering Staff | E10: ='Engineering Staff (Evan)'!E8 -> Engineering | F10: ='Engineering Staff (Evan)'!E11 -> Juli 2026 | G10: ='Engineering Staff (Evan)'!L42 -> 98.947368 | H10: =IF(G10>=95,'Main T&C'!$D$19,IF(G10>=85,'Main T&C'!$D$20,IF(G10>=75,'Main T&C'!$D$21,IF(G10>=65,'Main T&C'!$D$22,IF(G10<65,'Main T&C'!$D$23))))) -> A | I10: 3000000 | J10: =IF('Main T&C'!$H$10<'Main T&C'!$H$9,"0",IF(D10="General Manager",'Main T&C'!$D$7,IF(D10="Head of Sales",'Main T&C'!$D$8,IF(D10="Head of Marketing",'Main T&C'!$D$9,IF(D10="Head of Engineering",'Main T&C'!$D$10,IF(D10="Engineering Staff",'Main T&C'!$D$11,IF(D10="Sales Admin Staff",'Main T&C'!$D$12,IF(D10="Sales Staff",'Main T&C'!$D$13,IF(D10="Inventory Control Staff",'Main T&C'!$D$14,IF(D10="Office Boy",'Main T&C'!$D$15)))))))))) -> 0 | K10: =IF(H10="A",I10*J10*'Main T&C'!$E$19,IF(H10="B",I10*J10*'Main T&C'!$E$20,IF(H10="C",I10*J10*'Main T&C'!$E$21,IF(H10="D",I10*J10*'Main T&C'!$E$22,IF(H10="E",I10*J10*0,0)))))*(IF('Main T&C'!$H$10>='Main T&C'!$H$7,'Main T&C'!$I$7,IF('Main T&C'!$H$10>='Main T&C'!$H$8,'Main T&C'!$I$8,IF('Main T&C'!$H$10>='Main T&C'!$H$9,'Main T&C'!$I$9,0)))) -> 0 | L10: ='Bonus Project'!F13 -> 52257.53 | M10: 0 | N10: =SUM(K10:M10) -> 52257.53 | O10: =N10/$O$2*100% -> 0.0005
B11: 5 | C11: ='Engineering Staff (Jeremia)'!E10 -> Jeremia | D11: ='Engineering Staff (Jeremia)'!E9 -> Engineering Staff | E11: ='Engineering Staff (Jeremia)'!E8 -> Engineering | F11: ='Engineering Staff (Jeremia)'!E11 -> Juli 2026 | G11: ='Engineering Staff (Jeremia)'!L42 -> 106.02105 | H11: =IF(G11>=95,'Main T&C'!$D$19,IF(G11>=85,'Main T&C'!$D$20,IF(G11>=75,'Main T&C'!$D$21,IF(G11>=65,'Main T&C'!$D$22,IF(G11<65,'Main T&C'!$D$23))))) -> A | I11: 2700000 | J11: =IF('Main T&C'!$H$10<'Main T&C'!$H$9,"0",IF(D11="General Manager",'Main T&C'!$D$7,IF(D11="Head of Sales",'Main T&C'!$D$8,IF(D11="Head of Marketing",'Main T&C'!$D$9,IF(D11="Head of Engineering",'Main T&C'!$D$10,IF(D11="Engineering Staff",'Main T&C'!$D$11,IF(D11="Sales Admin Staff",'Main T&C'!$D$12,IF(D11="Sales Staff",'Main T&C'!$D$13,IF(D11="Inventory Control Staff",'Main T&C'!$D$14,IF(D11="Office Boy",'Main T&C'!$D$15)))))))))) -> 0 | K11: =IF(H11="A",I11*J11*'Main T&C'!$E$19,IF(H11="B",I11*J11*'Main T&C'!$E$20,IF(H11="C",I11*J11*'Main T&C'!$E$21,IF(H11="D",I11*J11*'Main T&C'!$E$22,IF(H11="E",I11*J11*0,0)))))*(IF('Main T&C'!$H$10>='Main T&C'!$H$7,'Main T&C'!$I$7,IF('Main T&C'!$H$10>='Main T&C'!$H$8,'Main T&C'!$I$8,IF('Main T&C'!$H$10>='Main T&C'!$H$9,'Main T&C'!$I$9,0)))) -> 0 | L11: ='Bonus Project'!F14 -> 52257.53 | M11: 0 | N11: =SUM(K11:M11) -> 52257.53 | O11: =N11/$O$2*100% -> 0.0005
B12: 8 | C12: ='Sales Admin'!E10 -> 0 | D12: ='Sales Admin'!E9 -> Sales Admin Staff | E12: ='Sales Admin'!E8 -> Sales | F12: ='Sales Admin'!E11 -> Juli 2026 | G12: ='Sales Admin'!L41 -> 161.25 | H12: =IF(G12>=95,'Main T&C'!$D$19,IF(G12>=85,'Main T&C'!$D$20,IF(G12>=75,'Main T&C'!$D$21,IF(G12>=65,'Main T&C'!$D$22,IF(G12<65,'Main T&C'!$D$23))))) -> A | I12: 3000000 | J12: =IF('Main T&C'!$H$10<'Main T&C'!$H$9,"0",IF(D12="General Manager",'Main T&C'!$D$7,IF(D12="Head of Sales",'Main T&C'!$D$8,IF(D12="Head of Marketing",'Main T&C'!$D$9,IF(D12="Head of Engineering",'Main T&C'!$D$10,IF(D12="Engineering Staff",'Main T&C'!$D$11,IF(D12="Sales Admin Staff",'Main T&C'!$D$12,IF(D12="Sales Staff",'Main T&C'!$D$13,IF(D12="Inventory Control Staff",'Main T&C'!$D$14,IF(D12="Office Boy",'Main T&C'!$D$15)))))))))) -> 0 | K12: =IF(H12="A",I12*J12*'Main T&C'!$E$19,IF(H12="B",I12*J12*'Main T&C'!$E$20,IF(H12="C",I12*J12*'Main T&C'!$E$21,IF(H12="D",I12*J12*'Main T&C'!$E$22,IF(H12="E",I12*J12*0,0)))))*(IF('Main T&C'!$H$10>='Main T&C'!$H$7,'Main T&C'!$I$7,IF('Main T&C'!$H$10>='Main T&C'!$H$8,'Main T&C'!$I$8,IF('Main T&C'!$H$10>='Main T&C'!$H$9,'Main T&C'!$I$9,0)))) -> 0 | L12: 0 | M12: 0 | N12: =SUM(K12:M12) -> 0 | O12: =N12/$O$2*100% -> 0
B13: 9 | C13: ='Inventory Control Staff'!E10 -> 0 | D13: ='Inventory Control Staff'!E9 -> Inventory Control Staff | E13: ='Inventory Control Staff'!E8 -> Warehouse | F13: ='Inventory Control Staff'!E11 -> Juli 2026 | G13: ='Inventory Control Staff'!L41 -> 97.25 | H13: =IF(G13>=95,'Main T&C'!$D$19,IF(G13>=85,'Main T&C'!$D$20,IF(G13>=75,'Main T&C'!$D$21,IF(G13>=65,'Main T&C'!$D$22,IF(G13<65,'Main T&C'!$D$23))))) -> A | I13: 3000000 | J13: =IF('Main T&C'!$H$10<'Main T&C'!$H$9,"0",IF(D13="General Manager",'Main T&C'!$D$7,IF(D13="Head of Sales",'Main T&C'!$D$8,IF(D13="Head of Marketing",'Main T&C'!$D$9,IF(D13="Head of Engineering",'Main T&C'!$D$10,IF(D13="Engineering Staff",'Main T&C'!$D$11,IF(D13="Sales Admin Staff",'Main T&C'!$D$12,IF(D13="Sales Staff",'Main T&C'!$D$13,IF(D13="Inventory Control Staff",'Main T&C'!$D$14,IF(D13="Office Boy",'Main T&C'!$D$15)))))))))) -> 0 | K13: =IF(H13="A",I13*J13*'Main T&C'!$E$19,IF(H13="B",I13*J13*'Main T&C'!$E$20,IF(H13="C",I13*J13*'Main T&C'!$E$21,IF(H13="D",I13*J13*'Main T&C'!$E$22,IF(H13="E",I13*J13*0,0)))))*(IF('Main T&C'!$H$10>='Main T&C'!$H$7,'Main T&C'!$I$7,IF('Main T&C'!$H$10>='Main T&C'!$H$8,'Main T&C'!$I$8,IF('Main T&C'!$H$10>='Main T&C'!$H$9,'Main T&C'!$I$9,0)))) -> 0 | L13: 0 | M13: 0 | N13: =SUM(K13:M13) -> 0 | O13: =N13/$O$2*100% -> 0
B14: 10 | C14: ='Office Boy'!E10 -> 0 | D14: ='Office Boy'!E9 -> Office Boy | E14: ='Office Boy'!E8 -> Warehouse | F14: ='Office Boy'!E11 -> Juli 2026 | G14: ='Office Boy'!L41 -> 97.25 | H14: =IF(G14>=95,'Main T&C'!$D$19,IF(G14>=85,'Main T&C'!$D$20,IF(G14>=75,'Main T&C'!$D$21,IF(G14>=65,'Main T&C'!$D$22,IF(G14<65,'Main T&C'!$D$23))))) -> A | I14: 2000000 | J14: =IF('Main T&C'!$H$10<'Main T&C'!$H$9,"0",IF(D14="General Manager",'Main T&C'!$D$7,IF(D14="Head of Sales",'Main T&C'!$D$8,IF(D14="Head of Marketing",'Main T&C'!$D$9,IF(D14="Head of Engineering",'Main T&C'!$D$10,IF(D14="Engineering Staff",'Main T&C'!$D$11,IF(D14="Sales Admin Staff",'Main T&C'!$D$12,IF(D14="Sales Staff",'Main T&C'!$D$13,IF(D14="Inventory Control Staff",'Main T&C'!$D$14,IF(D14="Office Boy",'Main T&C'!$D$15)))))))))) -> 0 | K14: =IF(H14="A",I14*J14*'Main T&C'!$E$19,IF(H14="B",I14*J14*'Main T&C'!$E$20,IF(H14="C",I14*J14*'Main T&C'!$E$21,IF(H14="D",I14*J14*'Main T&C'!$E$22,IF(H14="E",I14*J14*0,0)))))*(IF('Main T&C'!$H$10>='Main T&C'!$H$7,'Main T&C'!$I$7,IF('Main T&C'!$H$10>='Main T&C'!$H$8,'Main T&C'!$I$8,IF('Main T&C'!$H$10>='Main T&C'!$H$9,'Main T&C'!$I$9,0)))) -> 0 | L14: 0 | M14: 0 | N14: =SUM(K14:M14) -> 0 | O14: =N14/$O$2*100% -> 0
K24: =SUM(K4:K23) -> 0 | L24: =SUM(L4:L23) -> 1201923.2 | M24: =SUM(M4:M23) -> 0 | N24: =SUM(N4:N23) -> 1201923.2 | O24: =SUM(O4:O23) -> 0.0115

Sheet Sheet1
C3: Metode KPI
C4: Maximize
C5: Minimize
